Date,Location,NDVI_Mean
2019-01-01,Islamabad,0.3818916673109032
2019-01-17,Islamabad,0.4013903915596613
2019-02-02,Islamabad,0.41352932412657767
2019-02-18,Islamabad,0.443854947767682
2019-03-06,Islamabad,0.4464653257313973
2019-03-22,Islamabad,0.45464804437695117
2019-04-07,Islamabad,0.46407742903459875
2019-04-23,Islamabad,0.4157086751235729
2019-05-09,Islamabad,0.38173087030322383
2019-05-25,Islamabad,0.3824403465407251
2019-06-10,Islamabad,0.3388417318413831
2019-06-26,Islamabad,0.31921470918336176
2019-07-12,Islamabad,0.3767234427294686
2019-07-28,Islamabad,0.5147185801760823
2019-08-13,Islamabad,0.5510790070256258
2019-08-29,Islamabad,0.5405152788226094
2019-09-14,Islamabad,0.5091777262727315
2019-09-30,Islamabad,0.462695704969005
2019-10-16,Islamabad,0.43827533307306255
2019-11-01,Islamabad,0.425933723982826
2019-11-17,Islamabad,0.4436844988002427
2019-12-03,Islamabad,0.45827722699211143
2019-12-19,Islamabad,0.42364485875897456
2020-01-01,Islamabad,0.43902219530228953
2020-01-17,Islamabad,0.4187213150911819
2020-02-02,Islamabad,0.420152710434345
2020-02-18,Islamabad,0.45466283821695264
2020-03-05,Islamabad,0.4480866522727653
2020-03-21,Islamabad,0.505161461139388
2020-04-06,Islamabad,0.46939692176693454
2020-04-22,Islamabad,0.467276030360308
2020-05-08,Islamabad,0.42607873997850165
2020-05-24,Islamabad,0.41663834194970284
2020-06-09,Islamabad,0.41613199561513486
2020-06-25,Islamabad,0.4116085874184284
2020-07-11,Islamabad,0.4193402427617352
2020-07-27,Islamabad,0.49858489296592584
2020-08-12,Islamabad,0.5502422421010844
2020-08-28,Islamabad,0.5754019932888412
2020-09-13,Islamabad,0.5120240826118156
2020-09-29,Islamabad,0.4554660015284331
2020-10-15,Islamabad,0.4004234093517822
2020-10-31,Islamabad,0.3596447964166354
2020-11-16,Islamabad,0.399918620017049
2020-12-02,Islamabad,0.39871393123767307
2020-12-18,Islamabad,0.3803616706030053
2021-01-01,Islamabad,0.41089770565342865
2021-01-17,Islamabad,0.3721902794105382
2021-02-02,Islamabad,0.3912016953025776
2021-02-18,Islamabad,0.39201732332912637
2021-03-06,Islamabad,0.4107803130566753
2021-03-22,Islamabad,0.43806756457693286
2021-04-07,Islamabad,0.4132113806603865
2021-04-23,Islamabad,0.3575784947883889
2021-05-09,Islamabad,0.3475777931415025
2021-05-25,Islamabad,0.3131843156055204
2021-06-10,Islamabad,0.3278884079308554
2021-06-26,Islamabad,0.3379313288337895
2021-07-12,Islamabad,0.43857612099861304
2021-07-28,Islamabad,0.5275800713088057
2021-08-13,Islamabad,0.5100885046845113
2021-08-29,Islamabad,0.4992992492461393
2021-09-14,Islamabad,0.5025500966446382
2021-09-30,Islamabad,0.4776749421653785
2021-10-16,Islamabad,0.4425283805962119
2021-11-01,Islamabad,0.4004843068659289
2021-11-17,Islamabad,0.3775002644195541
2021-12-03,Islamabad,0.38364414470259367
2021-12-19,Islamabad,0.3634532698312594
2022-01-01,Islamabad,0.37799624103918333
2022-01-17,Islamabad,0.3843901371101766
2022-02-02,Islamabad,0.38961594354322987
2022-02-18,Islamabad,0.396112644980295
2022-03-06,Islamabad,0.4539759532590284
2022-03-22,Islamabad,0.43932180707484725
2022-04-07,Islamabad,0.3960897474375255
2022-04-23,Islamabad,0.3392761456177952
2022-05-09,Islamabad,0.31013960734913437
2022-05-25,Islamabad,0.28198020567374404
2022-06-10,Islamabad,0.3268728148391204
2022-06-26,Islamabad,0.32226264513048475
2022-07-12,Islamabad,0.5013450944049549
2022-07-28,Islamabad,0.5580864903551588
2022-08-13,Islamabad,0.5560884367396628
2022-08-29,Islamabad,0.5293172691921099
2022-09-14,Islamabad,0.4941566354474874
2022-09-30,Islamabad,0.4493565833912941
2022-10-16,Islamabad,0.3956143720201895
2022-11-01,Islamabad,0.42625411074391983
2022-11-17,Islamabad,0.43529924774599593
2022-12-03,Islamabad,0.4046998531933466
2022-12-19,Islamabad,0.4263526005027821
2023-01-01,Islamabad,0.4105027759485099
2023-01-17,Islamabad,0.3962811189409264
2023-02-02,Islamabad,0.41044383208854984
2023-02-18,Islamabad,0.39996137375717555
2023-03-06,Islamabad,0.4023147694441609
2023-03-22,Islamabad,0.44530996484643715
2023-04-07,Islamabad,0.3943049858930451
2023-04-23,Islamabad,0.4124086025719581
2023-05-09,Islamabad,0.3533824475081887
2023-05-25,Islamabad,0.35643117206561165
2023-06-10,Islamabad,0.3584052772987042
2023-06-26,Islamabad,0.4494630001488219
2023-07-12,Islamabad,0.49140212214835627
2023-07-28,Islamabad,0.5455424106977393
2023-08-13,Islamabad,0.5282356840020135
2023-08-29,Islamabad,0.5100917399632388
2023-09-14,Islamabad,0.5079405564616181
2023-09-30,Islamabad,0.4699201072168245
2023-10-16,Islamabad,0.4353117169031124
2023-11-01,Islamabad,0.41570901519735926
2023-11-17,Islamabad,0.40837610025966137
2023-12-03,Islamabad,0.4084100641220031
2023-12-19,Islamabad,0.40443647702185115
2024-01-01,Islamabad,0.3667977527661424
2024-01-17,Islamabad,0.3494970386313756
2024-02-02,Islamabad,0.38596187066261267
2024-02-18,Islamabad,0.3949896970186503
2024-03-05,Islamabad,0.41548009958658255
2024-03-21,Islamabad,0.43773491777206197
2024-04-06,Islamabad,0.458070363389733
2024-04-22,Islamabad,0.4350508678177268
2024-05-08,Islamabad,0.3979038276836473
2024-05-24,Islamabad,0.334744104690179
2024-06-09,Islamabad,0.3255996869761465
2024-06-25,Islamabad,0.3531997604324971
2024-07-11,Islamabad,0.40780535309081895
2024-07-27,Islamabad,0.5279250172669513
2024-08-12,Islamabad,0.581164473892959
2024-08-28,Islamabad,0.5886114018868844
2024-09-13,Islamabad,0.5127406425314901
2024-09-29,Islamabad,0.4922971167955636
2024-10-15,Islamabad,0.435820218679617
2024-10-31,Islamabad,0.43243945867974753
2024-11-16,Islamabad,0.4012437624156377
2024-12-02,Islamabad,0.36560031597307585
2024-12-18,Islamabad,0.34201887418463955
2025-01-01,Islamabad,0.34976880359032025
2025-01-17,Islamabad,0.32455089546839383
2025-02-02,Islamabad,0.3048103693089652
2025-02-18,Islamabad,0.35007798096919285
2025-03-06,Islamabad,0.4050183336905658
2025-03-22,Islamabad,0.4183914509334026
2025-04-07,Islamabad,0.3988437132472376
2025-04-23,Islamabad,0.3477682452904683
2025-05-09,Islamabad,0.34692850849172324
2025-05-25,Islamabad,0.34561404252582123
2025-06-10,Islamabad,0.2991676581145515
2025-06-26,Islamabad,0.4707258687115583
2025-07-12,Islamabad,0.5164645258358473
2025-07-28,Islamabad,0.5821436045560907
2025-08-13,Islamabad,0.5733960474017379
2025-08-29,Islamabad,0.5733486034222994
2025-09-14,Islamabad,0.48843286479126224
2025-09-30,Islamabad,0.444023104009908
2025-10-16,Islamabad,0.43390597451501645
2025-11-01,Islamabad,0.41289444420822313
2025-11-17,Islamabad,0.3900930382763523
2025-12-03,Islamabad,0.36480154457712394
2025-12-19,Islamabad,0.4015340146666886
2026-01-01,Islamabad,0.39625734033193477
2026-01-17,Islamabad,0.4067685686799092
2026-02-02,Islamabad,0.4205314973166323
2026-02-18,Islamabad,0.3831425072445127
2026-03-06,Islamabad,0.4617841660811081
2026-03-22,Islamabad,0.4798833783897969
2026-04-07,Islamabad,0.45113441926770326
2026-04-23,Islamabad,0.4656530903817098
2026-05-09,Islamabad,0.39787700549887717
